subject_id,study_id,split
1,1,test
1,2,test
2,3,val
2,4,val
3,5,train
3,6,train
4,7,train
4,8,train
5,9,train
5,10,train
6,11,train
6,12,train
7,13,train
7,14,train
8,15,train
8,16,train
9,17,test
9,18,test
10,19,val
10,20,val
11,21,train
11,22,train
12,23,val
12,24,val
13,25,train
13,26,train
14,27,val
14,28,val
15,29,train
15,30,train
16,31,train
16,32,train
17,33,test
17,34,test
18,35,train
18,36,train
19,37,test
19,38,test
20,39,train
20,40,train
21,41,train
21,42,train
22,43,train
22,44,train
23,45,train
23,46,train
24,47,train
24,48,train
